{
    "RWLOCK": {
        "96": 104.79441714286804,
        "93": 104.05295515060425,
        "80": 102.16654014587402,
        "70": 101.2644636631012,
        "84": 102.57838201522827,
        "87": 103.2470338344574,
        "99": 103.4691834449768,
        "77": 102.32069492340088,
        "90": 103.74797439575195,
        "74": 100.7646791934967
    },
    "RWLOCK_CUSTOM": {
        "96": 105.28677797317505,
        "93": 104.51152276992798,
        "80": 106.43090462684631,
        "70": 104.56680583953857,
        "84": 110.01630663871765,
        "87": 106.61195206642151,
        "99": 103.17315316200256,
        "77": 105.61474514007568,
        "90": 104.99569439888,
        "74": 104.33840417861938
    },
    "SEQLOCK": {
        "96": 103.24307417869568,
        "93": 102.39680695533752,
        "80": 100.47219848632812,
        "70": 100.21121740341187,
        "84": 101.54293870925903,
        "87": 102.23318362236023,
        "99": 103.17396402359009,
        "77": 100.85639262199402,
        "90": 103.84850120544434,
        "74": 100.30272626876831
    },
    "RCU": {
        "96": 115.01804161071777,
        "80": 112.2888548374176,
        "99": 116.2778468132019,
        "84": 112.11991477012634,
        "74": 112.65788698196411,
        "70": 110.78488779067993,
        "87": 113.00949263572693,
        "90": 112.43193101882935,
        "93": 115.84599876403809,
        "77": 111.12384557723999
    },
    "SPINLOCK": {
        "96": 105.82021450996399,
        "93": 103.91319632530212,
        "80": 105.12706136703491,
        "70": 101.56335520744324,
        "84": 104.85517740249634,
        "87": 104.94666075706482,
        "99": 106.29963850975037,
        "77": 102.85852861404419,
        "90": 107.41763186454773,
        "74": 102.3242244720459
    }
}