{
    "RCU": {
        "70": 106.6860454082489,
        "74": 105.49990487098694,
        "77": 104.7736406326294,
        "80": 104.51208758354187,
        "84": 105.01820158958435,
        "87": 105.35898351669312,
        "90": 105.8419599533081,
        "93": 105.90128803253174,
        "96": 105.57035899162292,
        "99": 103.99791479110718
    },
    "RWLOCK": {
        "70": 109.52646851539612,
        "74": 109.82247400283813,
        "77": 110.59447121620178,
        "80": 109.4583523273468,
        "84": 110.04602003097534,
        "87": 110.75957417488098,
        "90": 110.89567041397095,
        "93": 111.14750814437866,
        "96": 111.18127846717834,
        "99": 116.32100749015808
    },
    "RWLOCK_CUSTOM": {
        "70": 107.47928953170776,
        "74": 108.77041912078857,
        "77": 109.14989399909973,
        "80": 110.16282439231873,
        "84": 109.86498785018921,
        "87": 112.17513275146484,
        "90": 112.48456954956055,
        "93": 113.9715142250061,
        "96": 114.11097526550293,
        "99": 112.17474484443665
    },
    "SEQLOCK": {
        "70": 106.28844332695007,
        "74": 106.71938347816467,
        "77": 106.4540331363678,
        "80": 106.62510561943054,
        "84": 107.45589303970337,
        "87": 107.84782147407532,
        "90": 108.14147925376892,
        "93": 108.57653045654297,
        "96": 108.73416519165039,
        "99": 108.67843651771545
    },
    "SPINLOCK": {
        "70": 108.96971082687378,
        "74": 109.14900493621826,
        "77": 110.64693355560303,
        "80": 110.01253867149353,
        "84": 109.53605699539185,
        "87": 110.92817759513855,
        "90": 111.17355728149414,
        "93": 112.29709148406982,
        "96": 112.0876796245575,
        "99": 111.74160647392273
    }
}