{
    "RCU": {
        "70": 7018.140426158905,
        "74": 6014.223649263382,
        "77": 5352.156052350998,
        "80": 4706.636245727539,
        "84": 3856.8062522411346,
        "87": 3039.4695751667023,
        "90": 2389.154804468155,
        "93": 1687.764136314392,
        "96": 969.275233745575,
        "99": 283.87350034713745
    },
    "RWLOCK": {
        "70": 101.2644636631012,
        "74": 100.7646791934967,
        "77": 102.32069492340088,
        "80": 102.16654014587402,
        "84": 102.57838201522827,
        "87": 103.2470338344574,
        "90": 103.74797439575195,
        "93": 104.05295515060425,
        "96": 104.79441714286804,
        "99": 103.4691834449768
    },
    "RWLOCK_CUSTOM": {
        "70": 104.56680583953857,
        "74": 104.33840417861938,
        "77": 105.61474514007568,
        "80": 106.43090462684631,
        "84": 110.01630663871765,
        "87": 106.61195206642151,
        "90": 104.99569439888,
        "93": 104.51152276992798,
        "96": 105.28677797317505,
        "99": 103.17315316200256
    },
    "SEQLOCK": {
        "70": 100.21121740341187,
        "74": 100.30272626876831,
        "77": 100.85639262199402,
        "80": 100.47219848632812,
        "84": 101.54293870925903,
        "87": 102.23318362236023,
        "90": 103.84850120544434,
        "93": 102.39680695533752,
        "96": 103.24307417869568,
        "99": 103.17396402359009
    },
    "SPINLOCK": {
        "70": 101.56335520744324,
        "74": 102.3242244720459,
        "77": 102.85852861404419,
        "80": 105.12706136703491,
        "84": 104.85517740249634,
        "87": 104.94666075706482,
        "90": 107.41763186454773,
        "93": 103.91319632530212,
        "96": 105.82021450996399,
        "99": 106.29963850975037
    }
}