{
    "NONE": {
        "80": 33.29172992706299,
        "84": 33.75079393386841,
        "87": 34.80528807640076,
        "90": 34.45582413673401,
        "93": 34.93081021308899,
        "96": 34.85299897193909,
        "99": 33.92837905883789
    },
    "RCU": {
        "80": 32.20169496536255,
        "84": 36.811458110809326,
        "87": 38.010478019714355,
        "90": 38.465927839279175,
        "93": 39.01183605194092,
        "96": 37.37605810165405,
        "99": 35.63649320602417
    },
    "RWLOCK": {
        "80": 32.7465660572052,
        "84": 35.82702302932739,
        "87": 36.3241548538208,
        "90": 37.18614077568054,
        "93": 38.17211413383484,
        "96": 39.880462884902954,
        "99": 35.331011056900024
    },
    "RWLOCK_CUSTOM": {
        "80": 32.7821729183197,
        "84": 33.57256293296814,
        "87": 33.531834840774536,
        "90": 33.782750844955444,
        "93": 34.74489498138428,
        "96": 35.32745599746704,
        "99": 35.02200102806091
    },
    "SEQLOCK": {
        "80": 41.361337184906006,
        "84": 37.81185698509216,
        "87": 42.19443202018738,
        "90": 39.46688890457153,
        "93": 42.13521599769592,
        "96": 37.054863929748535,
        "99": 37.30929088592529
    },
    "SPINLOCK": {
        "80": 35.74354410171509,
        "84": 34.639349937438965,
        "87": 33.67290496826172,
        "90": 34.12006497383118,
        "93": 34.07859802246094,
        "96": 34.153801918029785,
        "99": 33.86848306655884
    }
}