{
    "RCU": {},
    "RWLOCK": {},
    "RWLOCK_CUSTOM": {},
    "SEQLOCK": {
        "74": 122.93680787086487,
        "77": 122.79553246498108,
        "80": 111.60702466964722,
        "84": 106.33638381958008,
        "87": 108.82700610160828,
        "90": 107.32281589508057,
        "93": 107.02628374099731,
        "96": 108.30795884132385,
        "99": 107.88304686546326
    },
    "SPINLOCK": {
        "70": 105.99781060218811,
        "74": 110.90291428565979,
        "77": 127.75120854377747,
        "80": 124.16298007965088,
        "84": 124.82753777503967,
        "87": 125.0074234008789,
        "90": 124.13630628585815,
        "93": 124.75471067428589,
        "96": 128.50548791885376,
        "99": 126.12343692779541
    }
}